event_id,magnitude,magnitude_type,place,time,updated,url,felt,cdi,mmi,alert,status,tsunami,significance,net,num_stations,min_distance_deg,rms,azimuthal_gap,latitude,longitude,depth_km,event_type,title,time_year,time_month,time_day,time_hour
nn00918956,2.77,ml,"17 km SE of Silver Springs, Nevada",2026-05-20 21:24:43.397,2026-05-20 22:09:10.040,https://earthquake.usgs.gov/earthquakes/eventpage/nn00918956,,,,,reviewed,0,118,nn,31,0.061,0.1406,60,39.3081,-119.0686,11.2101,earthquake,"M 2.8 - 17 km SE of Silver Springs, Nevada",2026,5,20,21
nn00918950,2.65,ml,"34 km SE of Mina, Nevada",2026-05-20 18:17:04.105,2026-05-20 18:19:41.036,https://earthquake.usgs.gov/earthquakes/eventpage/nn00918950,,,,,automatic,0,108,nn,8,0.552,0.1168,132,38.185,-117.8076,1.7259,earthquake,"M 2.7 - 34 km SE of Mina, Nevada",2026,5,20,18
nc75366117,2.78,md,"19 km E of Markleeville, CA",2026-05-20 14:09:38.400,2026-05-20 17:14:25.744,https://earthquake.usgs.gov/earthquakes/eventpage/nc75366117,,,,,automatic,0,119,nc,14,0.09918,0.1,105,38.6728324890137,-119.583335876465,5.90000009536743,earthquake,"M 2.8 - 19 km E of Markleeville, CA",2026,5,20,14
nc75365827,2.53,md,"6 km N of Lake Pillsbury, CA",2026-05-19 23:14:38.740,2026-05-20 00:47:24.998,https://earthquake.usgs.gov/earthquakes/eventpage/nc75365827,,,,,automatic,0,98,nc,35,0.05706,0.11,39,39.457332611084,-122.945999145508,5.19000005722046,earthquake,"M 2.5 - 6 km N of Lake Pillsbury, CA",2026,5,19,23
ci41470568,2.55,ml,"8 km W of Holtville, CA",2026-05-19 22:23:42.190,2026-05-20 15:53:02.210,https://earthquake.usgs.gov/earthquakes/eventpage/ci41470568,2.0,2.0,,,reviewed,0,100,ci,47,0.01953,0.28,34,32.8118333333333,-115.468666666667,15.8,earthquake,"M 2.6 - 8 km W of Holtville, CA",2026,5,19,22
ci41470432,2.66,ml,"4 km W of Manhattan Beach, CA",2026-05-19 19:42:29.270,2026-05-20 04:05:42.867,https://earthquake.usgs.gov/earthquakes/eventpage/ci41470432,105.0,3.4,,,reviewed,0,145,ci,84,0.06379,0.27,117,33.8816666666667,-118.450833333333,10.64,earthquake,"M 2.7 - 4 km W of Manhattan Beach, CA",2026,5,19,19
nc75362216,3.21,ml,"29 km S of Kettleman City, CA",2026-05-18 15:54:36.770,2026-05-18 20:48:41.016,https://earthquake.usgs.gov/earthquakes/eventpage/nc75362216,2.0,2.0,,,automatic,0,159,nc,37,0.09125,0.11,193,35.7501678466797,-119.919830322266,9.55000019073486,earthquake,"M 3.2 - 29 km S of Kettleman City, CA",2026,5,18,15
ci41469528,2.66,ml,"22 km ESE of Ocotillo Wells, CA",2026-05-18 09:47:48.030,2026-05-19 05:34:04.040,https://earthquake.usgs.gov/earthquakes/eventpage/ci41469528,,,,,reviewed,0,109,ci,72,0.102,0.26,24,33.0573333333333,-115.921833333333,2.04,earthquake,"M 2.7 - 22 km ESE of Ocotillo Wells, CA",2026,5,18,9
ci41469456,2.63,ml,"22 km ESE of Ocotillo Wells, CA",2026-05-18 08:43:54.070,2026-05-19 08:46:31.040,https://earthquake.usgs.gov/earthquakes/eventpage/ci41469456,,,,,reviewed,0,106,ci,69,0.1013,0.26,23,33.0526666666667,-115.9165,2.77,earthquake,"M 2.6 - 22 km ESE of Ocotillo Wells, CA",2026,5,18,8
ci41469432,2.77,ml,"22 km ESE of Ocotillo Wells, CA",2026-05-18 08:27:29.060,2026-05-18 14:57:05.140,https://earthquake.usgs.gov/earthquakes/eventpage/ci41469432,,,,,reviewed,0,118,ci,69,0.1033,0.25,24,33.0525,-115.9195,2.19,earthquake,"M 2.8 - 22 km ESE of Ocotillo Wells, CA",2026,5,18,8
ci41469328,3.14,ml,"22 km ESE of Ocotillo Wells, CA",2026-05-18 07:55:18.700,2026-05-19 07:01:01.040,https://earthquake.usgs.gov/earthquakes/eventpage/ci41469328,2.0,2.2,,,reviewed,0,152,ci,77,0.1011,0.26,23,33.0563333333333,-115.919666666667,2.12,earthquake,"M 3.1 - 22 km ESE of Ocotillo Wells, CA",2026,5,18,7
nn00918818,2.57,ml,"20 km SSE of Silver Springs, Nevada",2026-05-18 07:37:46.937,2026-05-19 07:15:09.040,https://earthquake.usgs.gov/earthquakes/eventpage/nn00918818,,,,,reviewed,0,102,nn,27,0.046,0.1703,57,39.2644,-119.097,7.5274,earthquake,"M 2.6 - 20 km SSE of Silver Springs, Nevada",2026,5,18,7
ci41469280,2.64,ml,"22 km ESE of Ocotillo Wells, CA",2026-05-18 07:30:23.010,2026-05-19 07:41:59.040,https://earthquake.usgs.gov/earthquakes/eventpage/ci41469280,,,,,reviewed,0,107,ci,67,0.1007,0.24,23,33.0555,-115.918333333333,2.5,earthquake,"M 2.6 - 22 km ESE of Ocotillo Wells, CA",2026,5,18,7
nc75361901,3.19,ml,"16 km SSE of Rio Dell, CA",2026-05-17 18:49:57.930,2026-05-17 20:22:21.813,https://earthquake.usgs.gov/earthquakes/eventpage/nc75361901,4.0,2.2,,,automatic,0,157,nc,38,0.04221,0.13,54,40.3578338623047,-124.065170288086,28.9200000762939,earthquake,"M 3.2 - 16 km SSE of Rio Dell, CA",2026,5,17,18
nc75361631,3.58,mw,"2 km ENE of Ridgemark, CA",2026-05-17 06:28:15.270,2026-05-18 21:22:00.105,https://earthquake.usgs.gov/earthquakes/eventpage/nc75361631,144.0,3.8,3.96,,reviewed,0,252,nc,108,0.0518,0.11,34,36.82,-121.351666666667,7.19,earthquake,"M 3.6 - 2 km ENE of Ridgemark, CA",2026,5,17,6
nn00918759,2.73,ml,"18 km SSE of Silver Springs, Nevada",2026-05-16 18:30:32.304,2026-05-18 22:46:06.388,https://earthquake.usgs.gov/earthquakes/eventpage/nn00918759,3.0,2.7,,,reviewed,0,115,nn,19,0.055,0.1663,81,39.2733,-119.1054,8.0709,earthquake,"M 2.7 - 18 km SSE of Silver Springs, Nevada",2026,5,16,18
uu80140356,2.92,ml,"72 km ENE of McGill, Nevada",2026-05-16 13:50:58.960,2026-05-18 13:23:04.000,https://earthquake.usgs.gov/earthquakes/eventpage/uu80140356,,,,,reviewed,0,131,uu,15,0.5127,0.15,97,39.7335,-114.056,9.65,earthquake,"M 2.9 - 72 km ENE of McGill, Nevada",2026,5,16,13
ci41468456,2.65,ml,"20 km SW of Ocotillo Wells, CA",2026-05-16 08:28:04.040,2026-05-17 16:05:14.845,https://earthquake.usgs.gov/earthquakes/eventpage/ci41468456,1.0,2.2,,,reviewed,0,108,ci,92,0.0737,0.21,25,33.0285,-116.302666666667,6.74,earthquake,"M 2.7 - 20 km SW of Ocotillo Wells, CA",2026,5,16,8
nc75361026,2.55,md,"15 km SSW of French Gulch, CA",2026-05-15 20:38:05.800,2026-05-15 22:22:20.457,https://earthquake.usgs.gov/earthquakes/eventpage/nc75361026,,,,,automatic,0,100,nc,15,0.122,0.33,75,40.5886650085449,-122.71516418457,49.5499992370605,earthquake,"M 2.6 - 15 km SSW of French Gulch, CA",2026,5,15,20
nc75360696,2.82,md,"4 km W of Cobb, CA",2026-05-15 05:09:20.870,2026-05-15 06:42:19.330,https://earthquake.usgs.gov/earthquakes/eventpage/nc75360696,1.0,2.0,,,automatic,0,123,nc,75,0.009429,0.12,46,38.8221664428711,-122.764167785645,2.21000003814697,earthquake,"M 2.8 - 4 km W of Cobb, CA",2026,5,15,5
nn00918644,2.64,ml,"11 km E of Silver Springs, Nevada",2026-05-15 03:40:34.621,2026-05-16 02:04:08.630,https://earthquake.usgs.gov/earthquakes/eventpage/nn00918644,1.0,2.0,,,reviewed,0,107,nn,34,0.074,0.1437,97,39.4244,-119.0889,13.4941,earthquake,"M 2.6 - 11 km E of Silver Springs, Nevada",2026,5,15,3
nn00918594,2.59,ml,"22 km NNE of Yerington, Nevada",2026-05-14 09:22:04.559,2026-05-19 06:01:55.040,https://earthquake.usgs.gov/earthquakes/eventpage/nn00918594,,,,,reviewed,0,103,nn,35,0.09,0.1435,50,39.1617,-119.0358,8.5765,earthquake,"M 2.6 - 22 km NNE of Yerington, Nevada",2026,5,14,9
nn00918569,2.57,ml,"20 km SE of Silver Springs, Nevada",2026-05-14 05:25:47.847,2026-05-15 05:42:32.040,https://earthquake.usgs.gov/earthquakes/eventpage/nn00918569,,,,,reviewed,0,102,nn,23,0.035,0.1764,90,39.2635,-119.0834,9.2057,earthquake,"M 2.6 - 20 km SE of Silver Springs, Nevada",2026,5,14,5
nn00918550,3.38,mwr,"19 km ESE of Silver Springs, Nevada",2026-05-13 19:38:13.230,2026-05-15 19:44:34.985,https://earthquake.usgs.gov/earthquakes/eventpage/nn00918550,16.0,3.1,3.825,,reviewed,0,181,nn,27,0.073,0.1303,72,39.324,-119.0372,4.0,earthquake,"M 3.4 - 19 km ESE of Silver Springs, Nevada",2026,5,13,19
nn00918536,2.85,ml,"30 km SSW of Alamo, Nevada",2026-05-13 17:17:45.375,2026-05-14 02:07:59.796,https://earthquake.usgs.gov/earthquakes/eventpage/nn00918536,1.0,2.2,,,reviewed,0,125,nn,32,0.357,0.1783,193,37.1179,-115.3139,10.8161,earthquake,"M 2.9 - 30 km SSW of Alamo, Nevada",2026,5,13,17
nn00918519,2.79,ml,"18 km SSE of Silver Springs, Nevada",2026-05-13 13:33:04.394,2026-05-14 02:06:58.023,https://earthquake.usgs.gov/earthquakes/eventpage/nn00918519,1.0,1.0,,,reviewed,0,120,nn,25,0.053,0.159,58,39.2737,-119.1025,8.1389,earthquake,"M 2.8 - 18 km SSE of Silver Springs, Nevada",2026,5,13,13
ci41465616,2.51,ml,"3 km WSW of Lake Henshaw, CA",2026-05-12 20:55:58.360,2026-05-13 15:32:24.930,https://earthquake.usgs.gov/earthquakes/eventpage/ci41465616,37.0,2.5,,,reviewed,0,106,ci,98,0.02648,0.22,14,33.235,-116.790333333333,13.69,earthquake,"M 2.5 - 3 km WSW of Lake Henshaw, CA",2026,5,12,20
nc75359541,3.0,ml,"2 km NNE of Middletown, CA",2026-05-12 19:38:13.700,2026-05-13 08:53:16.471,https://earthquake.usgs.gov/earthquakes/eventpage/nc75359541,11.0,3.5,,,automatic,0,142,nc,73,0.05074,0.16,24,38.7693328857422,-122.608329772949,4.0,earthquake,"M 3.0 - 2 km NNE of Middletown, CA",2026,5,12,19
nc75359406,2.99,md,"42 km W of Petrolia, CA",2026-05-12 14:52:58.670,2026-05-12 16:32:21.438,https://earthquake.usgs.gov/earthquakes/eventpage/nc75359406,,,,,automatic,0,138,nc,47,0.3363,0.24,227,40.3455009460449,-124.776000976562,17.9899997711182,earthquake,"M 3.0 - 42 km W of Petrolia, CA",2026,5,12,14
ci41464632,2.87,ml,"18 km WSW of Johannesburg, CA",2026-05-11 23:20:19.530,2026-05-12 19:24:08.141,https://earthquake.usgs.gov/earthquakes/eventpage/ci41464632,1.0,1.0,,,reviewed,0,127,ci,62,0.04776,0.15,33,35.3053333333333,-117.810166666667,7.84,earthquake,"M 2.9 - 18 km WSW of Johannesburg, CA",2026,5,11,23
nn00918402,2.71,ml,"19 km ESE of Silver Springs, Nevada",2026-05-11 18:55:34.065,2026-05-11 19:16:30.577,https://earthquake.usgs.gov/earthquakes/eventpage/nn00918402,,,,,reviewed,0,113,nn,29,0.069,0.153,78,39.339,-119.0169,7.6569,earthquake,"M 2.7 - 19 km ESE of Silver Springs, Nevada",2026,5,11,18
nc75358921,2.68,md,"22 km SSE of Redway, CA",2026-05-11 16:24:46.600,2026-05-11 18:22:18.583,https://earthquake.usgs.gov/earthquakes/eventpage/nc75358921,,,,,automatic,0,110,nc,35,0.09318,0.15,47,39.9449996948242,-123.711334228516,3.35999989509583,earthquake,"M 2.7 - 22 km SSE of Redway, CA",2026,5,11,16
nc75358766,2.56,md,"15 km WSW of Toms Place, CA",2026-05-11 11:24:36.380,2026-05-11 14:22:22.010,https://earthquake.usgs.gov/earthquakes/eventpage/nc75358766,,,,,automatic,0,101,nc,32,0.07796,0.06,58,37.5120010375977,-118.833168029785,4.3899998664856,earthquake,"M 2.6 - 15 km WSW of Toms Place, CA",2026,5,11,11
nc75358761,3.01,ml,"22 km SSE of Redway, CA",2026-05-11 11:16:04.490,2026-05-21 03:52:21.801,https://earthquake.usgs.gov/earthquakes/eventpage/nc75358761,5.0,2.0,,,reviewed,0,140,nc,52,0.09512,0.15,47,39.945,-123.714,4.49,earthquake,"M 3.0 - 22 km SSE of Redway, CA",2026,5,11,11
nc75358746,2.81,md,"22 km SSE of Redway, CA",2026-05-11 11:04:23.180,2026-05-21 03:12:21.525,https://earthquake.usgs.gov/earthquakes/eventpage/nc75358746,10.0,2.5,,,reviewed,0,124,nc,51,0.09451,0.14,47,39.945,-123.713166666667,4.54,earthquake,"M 2.8 - 22 km SSE of Redway, CA",2026,5,11,11
nn00918360,2.79,ml,"18 km SSE of Silver Springs, Nevada",2026-05-11 10:32:07.400,2026-05-11 16:30:34.276,https://earthquake.usgs.gov/earthquakes/eventpage/nn00918360,1.0,2.0,,,reviewed,0,120,nn,12,0.056,0.0764,84,39.2744,-119.1062,8.2404,earthquake,"M 2.8 - 18 km SSE of Silver Springs, Nevada",2026,5,11,10
nn00918355,2.89,ml,"18 km SE of Silver Springs, Nevada",2026-05-11 10:29:33.368,2026-05-11 17:23:06.884,https://earthquake.usgs.gov/earthquakes/eventpage/nn00918355,1.0,2.0,,,reviewed,0,129,nn,30,0.053,0.1568,59,39.2777,-119.1003,8.7057,earthquake,"M 2.9 - 18 km SE of Silver Springs, Nevada",2026,5,11,10
ci41463760,2.53,ml,"4 km S of Brawley, CA",2026-05-11 09:13:26.570,2026-05-15 16:48:27.900,https://earthquake.usgs.gov/earthquakes/eventpage/ci41463760,1.0,2.0,,,reviewed,0,99,ci,62,0.04805,0.26,38,32.9445,-115.535,15.58,earthquake,"M 2.5 - 4 km S of Brawley, CA",2026,5,11,9
nc75358671,2.56,md,"22 km SSE of Redway, CA",2026-05-11 08:40:15.570,2026-05-11 10:17:25.365,https://earthquake.usgs.gov/earthquakes/eventpage/nc75358671,,,,,automatic,0,101,nc,31,0.09274,0.15,49,39.945499420166,-123.710502624512,3.11999988555908,earthquake,"M 2.6 - 22 km SSE of Redway, CA",2026,5,11,8
nc75358661,2.55,md,"22 km SSE of Redway, CA",2026-05-11 08:19:58.130,2026-05-21 01:27:21.820,https://earthquake.usgs.gov/earthquakes/eventpage/nc75358661,1.0,2.7,,,reviewed,0,100,nc,42,0.09413,0.12,48,39.943,-123.7135,4.33,earthquake,"M 2.6 - 22 km SSE of Redway, CA",2026,5,11,8
nc75358636,2.57,md,"53 km W of Petrolia, CA",2026-05-11 07:25:25.660,2026-05-11 15:51:40.665,https://earthquake.usgs.gov/earthquakes/eventpage/nc75358636,1.0,2.2,,,automatic,0,102,nc,16,0.4367,0.43,292,40.3334999084473,-124.910667419434,8.64000034332275,earthquake,"M 2.6 - 53 km W of Petrolia, CA",2026,5,11,7
nn00918331,2.58,ml,"2 km SSW of Schurz, Nevada",2026-05-11 04:38:35.279,2026-05-13 23:47:46.040,https://earthquake.usgs.gov/earthquakes/eventpage/nn00918331,,,,,reviewed,0,102,nn,23,0.331,0.1573,70,38.9276,-118.8221,9.4556,earthquake,"M 2.6 - 2 km SSW of Schurz, Nevada",2026,5,11,4
nc75358496,2.72,md,"2 km ESE of Pinole, CA",2026-05-10 22:55:52.540,2026-05-20 19:27:23.482,https://earthquake.usgs.gov/earthquakes/eventpage/nc75358496,172.0,3.4,,,reviewed,0,172,nc,129,0.009158,0.15,31,38.0001666666667,-122.281666666667,6.29,earthquake,"M 2.7 - 2 km ESE of Pinole, CA",2026,5,10,22
nn00918224,2.82,ml,"19 km SSE of Silver Springs, Nevada",2026-05-10 18:24:33.556,2026-05-11 02:04:23.487,https://earthquake.usgs.gov/earthquakes/eventpage/nn00918224,1.0,2.2,,,reviewed,0,123,nn,22,0.052,0.1157,87,39.2709,-119.1034,7.7144,earthquake,"M 2.8 - 19 km SSE of Silver Springs, Nevada",2026,5,10,18
nn00918221,4.05,mwr,"18 km SE of Silver Springs, Nevada",2026-05-10 18:22:13.799,2026-05-12 07:03:35.770,https://earthquake.usgs.gov/earthquakes/eventpage/nn00918221,49.0,3.5,4.032,green,reviewed,0,269,nn,21,0.05,0.1431,90,39.277,-119.0956,6.0,earthquake,"M 4.1 - 18 km SE of Silver Springs, Nevada",2026,5,10,18
ci41462904,2.68,ml,"2 km W of Brawley, CA",2026-05-10 14:16:45.810,2026-05-12 21:36:57.790,https://earthquake.usgs.gov/earthquakes/eventpage/ci41462904,1.0,2.2,,,reviewed,0,111,ci,67,0.0778,0.29,39,32.9786666666667,-115.547333333333,14.46,earthquake,"M 2.7 - 2 km W of Brawley, CA",2026,5,10,14
ci41462544,2.82,ml,"1 km W of Brawley, CA",2026-05-10 11:03:42.820,2026-05-12 19:12:44.953,https://earthquake.usgs.gov/earthquakes/eventpage/ci41462544,1.0,2.0,,,reviewed,0,123,ci,58,0.08001,0.28,40,32.9805,-115.544333333333,11.96,earthquake,"M 2.8 - 1 km W of Brawley, CA",2026,5,10,11
ci41462496,2.85,ml,"1 km W of Brawley, CA",2026-05-10 10:47:25.810,2026-05-12 00:16:28.790,https://earthquake.usgs.gov/earthquakes/eventpage/ci41462496,,,,,reviewed,0,125,ci,63,0.07887,0.27,39,32.9791666666667,-115.543166666667,11.56,earthquake,"M 2.9 - 1 km W of Brawley, CA",2026,5,10,10
ci41461936,2.85,ml,"4 km WSW of Brawley, CA",2026-05-10 07:53:32.220,2026-05-13 05:41:15.040,https://earthquake.usgs.gov/earthquakes/eventpage/ci41461936,1.0,2.0,,,reviewed,0,125,ci,70,0.06413,0.26,38,32.9656666666667,-115.565166666667,13.18,earthquake,"M 2.9 - 4 km WSW of Brawley, CA",2026,5,10,7
ci41461904,2.64,ml,"4 km WSW of Brawley, CA",2026-05-10 07:48:24.000,2026-05-12 21:53:14.040,https://earthquake.usgs.gov/earthquakes/eventpage/ci41461904,0.0,1.0,,,reviewed,0,107,ci,58,0.06065,0.27,38,32.9618333333333,-115.5695,12.96,earthquake,"M 2.6 - 4 km WSW of Brawley, CA",2026,5,10,7
ci41461872,3.2,ml,"3 km WSW of Brawley, CA",2026-05-10 07:41:25.840,2026-05-11 15:10:12.509,https://earthquake.usgs.gov/earthquakes/eventpage/ci41461872,5.0,2.1,,,reviewed,0,159,ci,56,0.06652,0.28,39,32.9681666666667,-115.562166666667,11.33,earthquake,"M 3.2 - 3 km WSW of Brawley, CA",2026,5,10,7
ci41461760,3.23,ml,"1 km WSW of Brawley, CA",2026-05-10 07:27:52.220,2026-05-11 14:31:24.185,https://earthquake.usgs.gov/earthquakes/eventpage/ci41461760,3.0,3.1,,,reviewed,0,161,ci,57,0.07725,0.34,39,32.9766666666667,-115.538666666667,10.25,earthquake,"M 3.2 - 1 km WSW of Brawley, CA",2026,5,10,7
ci41461688,2.57,ml,"1 km SW of Brawley, CA",2026-05-10 07:18:17.700,2026-05-12 22:59:24.954,https://earthquake.usgs.gov/earthquakes/eventpage/ci41461688,0.0,1.0,,,reviewed,0,102,ci,38,0.07513,0.27,77,32.9743333333333,-115.538,12.2,earthquake,"M 2.6 - 1 km SW of Brawley, CA",2026,5,10,7
ci41461672,2.68,ml,"4 km SW of Brawley, CA",2026-05-10 07:16:49.090,2026-05-11 20:33:05.838,https://earthquake.usgs.gov/earthquakes/eventpage/ci41461672,0.0,1.0,,,reviewed,0,110,ci,47,0.05191,0.28,37,32.9533333333333,-115.566,9.49,earthquake,"M 2.7 - 4 km SW of Brawley, CA",2026,5,10,7
ci41461656,2.51,ml,"3 km WSW of Brawley, CA",2026-05-10 07:15:05.830,2026-05-12 14:26:26.768,https://earthquake.usgs.gov/earthquakes/eventpage/ci41461656,2.0,2.2,,,reviewed,0,97,ci,37,0.06602,0.3,72,32.9676666666667,-115.559833333333,7.69,earthquake,"M 2.5 - 3 km WSW of Brawley, CA",2026,5,10,7
ci41461648,2.63,ml,"4 km WSW of Brawley, CA",2026-05-10 07:14:38.480,2026-05-11 18:36:18.152,https://earthquake.usgs.gov/earthquakes/eventpage/ci41461648,,,,,reviewed,0,106,ci,48,0.06085,0.3,38,32.9623333333333,-115.565833333333,3.38,earthquake,"M 2.6 - 4 km WSW of Brawley, CA",2026,5,10,7
ci41461640,2.64,ml,"1 km SW of Brawley, CA",2026-05-10 07:14:30.690,2026-05-11 20:15:55.194,https://earthquake.usgs.gov/earthquakes/eventpage/ci41461640,0.0,1.0,,,reviewed,0,107,ci,27,0.07204,0.28,77,32.9711666666667,-115.538166666667,7.84,earthquake,"M 2.6 - 1 km SW of Brawley, CA",2026,5,10,7
ci10239742,2.55,ml,"2 km SSW of Brawley, CA",2026-05-10 07:14:15.080,2026-05-11 20:34:52.232,https://earthquake.usgs.gov/earthquakes/eventpage/ci10239742,,,,,reviewed,0,100,ci,15,0.06123,0.21,78,32.9601666666667,-115.539333333333,6.78,earthquake,"M 2.6 - 2 km SSW of Brawley, CA",2026,5,10,7
ci41461624,2.92,ml,"3 km WSW of Brawley, CA",2026-05-10 07:13:20.830,2026-05-11 18:36:08.178,https://earthquake.usgs.gov/earthquakes/eventpage/ci41461624,2.0,0.0,,,reviewed,0,131,ci,17,0.06271,0.24,71,32.9643333333333,-115.558666666667,3.32,earthquake,"M 2.9 - 3 km WSW of Brawley, CA",2026,5,10,7
ci41461608,4.66486919122063,mw,"3 km WSW of Brawley, CA",2026-05-10 07:10:21.250,2026-05-21 10:07:05.482,https://earthquake.usgs.gov/earthquakes/eventpage/ci41461608,203.0,5.6,5.345,green,reviewed,0,600,ci,66,0.06968,0.25,39,32.9713333333333,-115.562333333333,14.53,earthquake,"M 4.7 - 3 km WSW of Brawley, CA",2026,5,10,7
ci41461472,3.16,ml,"0 km NNE of Brawley, CA",2026-05-10 06:43:51.370,2026-05-21 08:01:03.040,https://earthquake.usgs.gov/earthquakes/eventpage/ci41461472,2.0,0.0,,,reviewed,0,154,ci,53,0.08538,0.28,41,32.9826666666667,-115.5285,10.51,earthquake,"M 3.2 - 0 km NNE of Brawley, CA",2026,5,10,6
ci41461464,2.61,ml,"4 km WSW of Brawley, CA",2026-05-10 06:42:57.310,2026-05-21 07:59:03.040,https://earthquake.usgs.gov/earthquakes/eventpage/ci41461464,,,,,reviewed,0,105,ci,55,0.06277,0.27,38,32.9643333333333,-115.5645,12.38,earthquake,"M 2.6 - 4 km WSW of Brawley, CA",2026,5,10,6
ci41461424,3.01,ml,"3 km WSW of Brawley, CA",2026-05-10 06:36:25.630,2026-05-21 07:55:48.040,https://earthquake.usgs.gov/earthquakes/eventpage/ci41461424,,,,,reviewed,0,139,ci,61,0.06541,0.26,38,32.967,-115.557333333333,12.12,earthquake,"M 3.0 - 3 km WSW of Brawley, CA",2026,5,10,6
ci41461256,3.42,ml,"4 km WSW of Brawley, CA",2026-05-10 06:02:26.390,2026-05-21 07:33:47.040,https://earthquake.usgs.gov/earthquakes/eventpage/ci41461256,5.0,2.7,,,reviewed,0,181,ci,62,0.05865,0.25,38,32.96,-115.5675,11.78,earthquake,"M 3.4 - 4 km WSW of Brawley, CA",2026,5,10,6
ci41461216,3.25,ml,"1 km NNW of Brawley, CA",2026-05-10 05:51:16.340,2026-05-21 07:30:35.040,https://earthquake.usgs.gov/earthquakes/eventpage/ci41461216,3.0,4.3,,,reviewed,0,164,ci,60,0.09151,0.3,41,32.9908333333333,-115.536,10.46,earthquake,"M 3.3 - 1 km NNW of Brawley, CA",2026,5,10,5
ci41461040,3.05,ml,"4 km WSW of Brawley, CA",2026-05-10 05:11:44.190,2026-05-21 07:17:23.040,https://earthquake.usgs.gov/earthquakes/eventpage/ci41461040,1.0,2.0,,,reviewed,0,143,ci,50,0.0659,0.31,66,32.9663333333333,-115.575666666667,3.4,earthquake,"M 3.1 - 4 km WSW of Brawley, CA",2026,5,10,5
ci41461032,2.99,ml,"3 km WSW of Brawley, CA",2026-05-10 05:11:13.280,2026-05-21 07:14:45.040,https://earthquake.usgs.gov/earthquakes/eventpage/ci41461032,1.0,2.0,,,reviewed,0,138,ci,56,0.06469,0.25,38,32.9663333333333,-115.561833333333,12.23,earthquake,"M 3.0 - 3 km WSW of Brawley, CA",2026,5,10,5
ci41460992,2.83,ml,"2 km WSW of Brawley, CA",2026-05-10 05:05:20.670,2026-05-21 07:12:34.040,https://earthquake.usgs.gov/earthquakes/eventpage/ci41460992,,,,,reviewed,0,123,ci,62,0.07161,0.27,39,32.9725,-115.548166666667,14.52,earthquake,"M 2.8 - 2 km WSW of Brawley, CA",2026,5,10,5
ci41460872,2.52,ml,"4 km SW of Brawley, CA",2026-05-10 04:43:05.460,2026-05-21 04:52:39.040,https://earthquake.usgs.gov/earthquakes/eventpage/ci41460872,1.0,2.0,,,reviewed,0,98,ci,47,0.05651,0.25,38,32.958,-115.565333333333,9.89,earthquake,"M 2.5 - 4 km SW of Brawley, CA",2026,5,10,4
ci41460744,2.86,ml,"2 km WSW of Brawley, CA",2026-05-10 04:18:44.810,2026-05-11 23:44:17.260,https://earthquake.usgs.gov/earthquakes/eventpage/ci41460744,,,,,reviewed,0,126,ci,67,0.06523,0.28,38,32.9665,-115.552333333333,11.54,earthquake,"M 2.9 - 2 km WSW of Brawley, CA",2026,5,10,4
ci41460560,2.65,ml,"3 km SW of Brawley, CA",2026-05-10 03:46:52.110,2026-05-20 22:46:23.040,https://earthquake.usgs.gov/earthquakes/eventpage/ci41460560,2.0,2.0,,,reviewed,0,108,ci,58,0.05942,0.28,38,32.9608333333333,-115.554666666667,11.92,earthquake,"M 2.7 - 3 km SW of Brawley, CA",2026,5,10,3
ci41460536,3.48,ml,"2 km WSW of Brawley, CA",2026-05-10 03:44:09.330,2026-05-10 20:46:44.749,https://earthquake.usgs.gov/earthquakes/eventpage/ci41460536,9.0,3.4,3.607,,reviewed,0,189,ci,61,0.06936,0.28,39,32.9701666666667,-115.547833333333,11.36,earthquake,"M 3.5 - 2 km WSW of Brawley, CA",2026,5,10,3
ci41460528,2.59,ml,"1 km SW of Brawley, CA",2026-05-10 03:41:40.670,2026-05-11 21:45:00.631,https://earthquake.usgs.gov/earthquakes/eventpage/ci41460528,1.0,2.2,,,reviewed,0,103,ci,30,0.0737,0.24,77,32.9725,-115.5365,8.26,earthquake,"M 2.6 - 1 km SW of Brawley, CA",2026,5,10,3
ci41460512,4.48112858848809,mw,"2 km W of Brawley, CA",2026-05-10 03:39:29.810,2026-05-18 21:26:49.702,https://earthquake.usgs.gov/earthquakes/eventpage/ci41460512,165.0,5.5,5.188,green,reviewed,0,400,ci,67,0.0767,0.27,39,32.9778333333333,-115.549833333333,15.9,earthquake,"M 4.5 - 2 km W of Brawley, CA",2026,5,10,3
ci41460416,3.97995588104299,mw,"3 km WSW of Brawley, CA",2026-05-10 03:13:23.720,2026-05-16 02:05:53.455,https://earthquake.usgs.gov/earthquakes/eventpage/ci41460416,2.0,3.3,3.903,,reviewed,0,244,ci,59,0.06599,0.27,39,32.9675,-115.5555,9.17,earthquake,"M 4.0 - 3 km WSW of Brawley, CA",2026,5,10,3
ci41460408,3.11,ml,"3 km WSW of Brawley, CA",2026-05-10 03:13:19.440,2026-05-18 22:21:00.647,https://earthquake.usgs.gov/earthquakes/eventpage/ci41460408,,,,,reviewed,0,149,ci,44,0.06832,0.2,73,32.9698333333333,-115.555333333333,14.91,earthquake,"M 3.1 - 3 km WSW of Brawley, CA",2026,5,10,3
ci41460400,2.63,ml,"2 km SW of Brawley, CA",2026-05-10 03:10:32.380,2026-05-21 03:40:50.040,https://earthquake.usgs.gov/earthquakes/eventpage/ci41460400,,,,,reviewed,0,106,ci,27,0.06113,0.26,75,32.9616666666667,-115.547,6.37,earthquake,"M 2.6 - 2 km SW of Brawley, CA",2026,5,10,3
nc75358051,2.55,md,"17 km NW of Pinnacles, CA",2026-05-10 03:06:12.100,2026-05-21 03:37:44.040,https://earthquake.usgs.gov/earthquakes/eventpage/nc75358051,,,,,reviewed,0,100,nc,78,0.03975,0.2,26,36.6358333333333,-121.276166666667,5.44,earthquake,"M 2.6 - 17 km NW of Pinnacles, CA",2026,5,10,3
ci41460368,2.72,ml,"4 km WSW of Brawley, CA",2026-05-10 03:05:45.940,2026-05-21 03:23:24.040,https://earthquake.usgs.gov/earthquakes/eventpage/ci41460368,,,,,reviewed,0,114,ci,62,0.06092,0.28,38,32.9625,-115.564,11.94,earthquake,"M 2.7 - 4 km WSW of Brawley, CA",2026,5,10,3
ci41460184,2.87,ml,"2 km WSW of Brawley, CA",2026-05-10 02:33:49.090,2026-05-12 19:36:54.400,https://earthquake.usgs.gov/earthquakes/eventpage/ci41460184,,,,,reviewed,0,127,ci,49,0.07098,0.26,39,32.972,-115.549333333333,10.88,earthquake,"M 2.9 - 2 km WSW of Brawley, CA",2026,5,10,2
ci41460112,4.37822982052754,mw,"3 km WSW of Brawley, CA",2026-05-10 02:22:08.170,2026-05-16 02:12:31.973,https://earthquake.usgs.gov/earthquakes/eventpage/ci41460112,95.0,5.2,4.714,green,reviewed,0,344,ci,64,0.06769,0.26,39,32.9693333333333,-115.559166666667,15.05,earthquake,"M 4.4 - 3 km WSW of Brawley, CA",2026,5,10,2
ci41460016,2.62,ml,"3 km SW of Brawley, CA",2026-05-10 00:58:55.580,2026-05-12 22:10:25.330,https://earthquake.usgs.gov/earthquakes/eventpage/ci41460016,1.0,2.0,,,reviewed,0,106,ci,55,0.0619,0.27,38,32.9633333333333,-115.554666666667,11.38,earthquake,"M 2.6 - 3 km SW of Brawley, CA",2026,5,10,0
ci41459968,2.95,ml,"4 km WSW of Brawley, CA",2026-05-10 00:36:11.070,2026-05-11 19:00:52.320,https://earthquake.usgs.gov/earthquakes/eventpage/ci41459968,1.0,3.4,,,reviewed,0,134,ci,71,0.06162,0.26,34,32.9631666666667,-115.564833333333,12.56,earthquake,"M 3.0 - 4 km WSW of Brawley, CA",2026,5,10,0
ci41459960,3.35,ml,"3 km WSW of Brawley, CA",2026-05-10 00:34:13.400,2026-05-10 18:58:20.330,https://earthquake.usgs.gov/earthquakes/eventpage/ci41459960,7.0,4.3,,,reviewed,0,176,ci,57,0.06605,0.25,39,32.9676666666667,-115.563166666667,14.6,earthquake,"M 3.4 - 3 km WSW of Brawley, CA",2026,5,10,0
ci10239694,3.48,ml,"5 km WNW of Brawley, CA",2026-05-09 23:49:17.250,2026-05-19 05:07:12.040,https://earthquake.usgs.gov/earthquakes/eventpage/ci10239694,,,4.067,,reviewed,0,186,ci,22,0.09086,0.35,64,32.9915,-115.577333333333,2.12,earthquake,"M 3.5 - 5 km WNW of Brawley, CA",2026,5,9,23
ci41459800,3.45,ml,"3 km WSW of Brawley, CA",2026-05-09 23:49:12.380,2026-05-19 05:06:00.040,https://earthquake.usgs.gov/earthquakes/eventpage/ci41459800,11.0,4.1,3.514,,reviewed,0,188,ci,59,0.06643,0.25,39,32.968,-115.556666666667,14.84,earthquake,"M 3.5 - 3 km WSW of Brawley, CA",2026,5,9,23
ci41459752,2.83,ml,"3 km WSW of Brawley, CA",2026-05-09 23:22:12.350,2026-05-19 04:54:49.040,https://earthquake.usgs.gov/earthquakes/eventpage/ci41459752,1.0,2.2,,,reviewed,0,123,ci,63,0.06918,0.28,39,32.9708333333333,-115.562166666667,13.12,earthquake,"M 2.8 - 3 km WSW of Brawley, CA",2026,5,9,23
ci41459744,2.57,ml,"3 km WSW of Brawley, CA",2026-05-09 23:18:37.010,2026-05-19 04:53:46.040,https://earthquake.usgs.gov/earthquakes/eventpage/ci41459744,0.0,1.0,,,reviewed,0,102,ci,54,0.06475,0.25,38,32.9663333333333,-115.557333333333,11.84,earthquake,"M 2.6 - 3 km WSW of Brawley, CA",2026,5,9,23
ci41459712,3.44,ml,"2 km WSW of Brawley, CA",2026-05-09 23:14:16.480,2026-05-19 04:52:41.040,https://earthquake.usgs.gov/earthquakes/eventpage/ci41459712,21.0,3.9,3.525,,reviewed,0,190,ci,60,0.07004,0.25,39,32.9715,-115.554333333333,14.36,earthquake,"M 3.4 - 2 km WSW of Brawley, CA",2026,5,9,23
nc75357721,2.69,md,"14 km SW of Lanare, CA",2026-05-09 11:51:23.270,2026-05-21 07:07:55.040,https://earthquake.usgs.gov/earthquakes/eventpage/nc75357721,,,,,reviewed,0,111,nc,67,0.07325,0.21,52,36.3453333333333,-120.027333333333,23.46,earthquake,"M 2.7 - 14 km SW of Lanare, CA",2026,5,9,11
nn00918126,3.06,ml,"18 km SE of Silver Springs, Nevada",2026-05-09 06:49:22.132,2026-05-10 07:01:49.015,https://earthquake.usgs.gov/earthquakes/eventpage/nn00918126,10.0,2.7,3.263,,reviewed,0,147,nn,24,0.06,0.1111,111,39.3101,-119.0579,9.4092,earthquake,"M 3.1 - 18 km SE of Silver Springs, Nevada",2026,5,9,6
ci41459312,3.29,ml,"1 km SE of Muscoy, CA",2026-05-09 06:32:27.970,2026-05-11 14:13:23.603,https://earthquake.usgs.gov/earthquakes/eventpage/ci41459312,592.0,3.6,3.771,,reviewed,0,380,ci,160,0.03535,0.21,24,34.1478333333333,-117.3355,13.19,earthquake,"M 3.3 - 1 km SE of Muscoy, CA",2026,5,9,6
ci41459168,3.23,ml,"7 km SE of Loma Linda, CA",2026-05-09 01:40:23.400,2026-05-11 14:12:08.820,https://earthquake.usgs.gov/earthquakes/eventpage/ci41459168,274.0,4.1,3.534,,reviewed,0,273,ci,141,0.06246,0.21,13,33.999,-117.215333333333,4.48,earthquake,"M 3.2 - 7 km SE of Loma Linda, CA",2026,5,9,1
us6000swb5,3.0,ml,"19 km SE of Silver Springs, Nevada",2026-05-08 18:57:38.767,2026-05-17 19:10:57.031,https://earthquake.usgs.gov/earthquakes/eventpage/us6000swb5,2.0,2.7,3.12,,reviewed,0,139,us,25,0.334,0.9,80,39.292,-119.0701,10.0,earthquake,"M 3.0 - 19 km SE of Silver Springs, Nevada",2026,5,8,18
nn00918069,2.83,ml,"19 km SE of Silver Springs, Nevada",2026-05-08 18:57:22.926,2026-05-17 19:08:02.189,https://earthquake.usgs.gov/earthquakes/eventpage/nn00918069,1.0,2.0,3.251,,reviewed,0,123,nn,10,0.043,0.166,87,39.2692,-119.0909,8.5861,earthquake,"M 2.8 - 19 km SE of Silver Springs, Nevada",2026,5,8,18
ci41458472,3.13,ml,"7 km SE of Loma Linda, CA",2026-05-08 12:53:00.180,2026-05-09 13:25:46.681,https://earthquake.usgs.gov/earthquakes/eventpage/ci41458472,269.0,3.6,3.302,,reviewed,0,248,ci,125,0.06356,0.17,15,33.9996666666667,-117.2165,5.4,earthquake,"M 3.1 - 7 km SE of Loma Linda, CA",2026,5,8,12
nc75357091,3.22,ml,"4 km ENE of Covelo, CA",2026-05-08 12:15:04.960,2026-05-08 18:54:34.525,https://earthquake.usgs.gov/earthquakes/eventpage/nc75357091,12.0,3.3,3.208,,reviewed,0,163,nc,117,0.1738,0.25,23,39.8013333333333,-123.1985,6.37,earthquake,"M 3.2 - 4 km ENE of Covelo, CA",2026,5,8,12
nn00918033,2.52,ml,"75 km ENE of Tonopah, Nevada",2026-05-08 02:32:02.840,2026-05-08 16:13:11.444,https://earthquake.usgs.gov/earthquakes/eventpage/nn00918033,,,,,reviewed,0,98,nn,6,0.221,0.1021,186,38.4472,-116.5086,5.8282,earthquake,"M 2.5 - 75 km ENE of Tonopah, Nevada",2026,5,8,2
nc75359492,2.71,md,"4 km E of Covelo, CA",2026-05-07 18:17:31.790,2026-05-16 01:32:24.723,https://earthquake.usgs.gov/earthquakes/eventpage/nc75359492,2.0,2.0,,,reviewed,0,113,nc,49,0.1329,0.12,34,39.7951666666667,-123.197,7.91,earthquake,"M 2.7 - 4 km E of Covelo, CA",2026,5,7,18
ci41243583,3.12,ml,"19 km N of Barstow, CA",2026-05-07 16:37:46.210,2026-05-15 14:51:42.040,https://earthquake.usgs.gov/earthquakes/eventpage/ci41243583,4.0,2.2,,,reviewed,0,151,ci,38,0.1927,0.12,39,35.0678333333333,-116.983833333333,1.69,earthquake,"M 3.1 - 19 km N of Barstow, CA",2026,5,7,16
nc75358892,2.56,md,"4 km SSW of Anderson Springs, CA",2026-05-07 09:54:40.440,2026-05-15 20:52:21.828,https://earthquake.usgs.gov/earthquakes/eventpage/nc75358892,6.0,3.8,,,reviewed,0,103,nc,115,0.004435,0.1,17,38.7398333333333,-122.706,2.06,earthquake,"M 2.6 - 4 km SSW of Anderson Springs, CA",2026,5,7,9
nc75358752,4.42,mw,"2 km NW of The Geysers, CA",2026-05-07 09:42:43.400,2026-05-21 09:52:57.167,https://earthquake.usgs.gov/earthquakes/eventpage/nc75358752,421.0,5.9,5.03,green,reviewed,0,549,nc,121,0.008602,0.09,16,38.7913333333333,-122.777166666667,3.68,earthquake,"M 4.4 - 2 km NW of The Geysers, CA",2026,5,7,9
nc75358597,2.96,md,"3 km NW of Anderson Springs, CA",2026-05-07 03:56:31.360,2026-05-15 16:42:22.197,https://earthquake.usgs.gov/earthquakes/eventpage/nc75358597,15.0,4.0,,,reviewed,0,141,nc,126,0.0006675,0.13,20,38.7918333333333,-122.717166666667,2.5,earthquake,"M 3.0 - 3 km NW of Anderson Springs, CA",2026,5,7,3
ci41242495,3.14,ml,"6 km SSW of Redlands, CA",2026-05-06 16:45:15.960,2026-05-13 14:42:29.040,https://earthquake.usgs.gov/earthquakes/eventpage/ci41242495,48.0,3.2,3.17,,reviewed,0,167,ci,119,0.06363,0.2,25,34.0025,-117.211333333333,4.46,earthquake,"M 3.1 - 6 km SSW of Redlands, CA",2026,5,6,16
nn00917901,2.61,ml,"19 km SE of Silver Springs, Nevada",2026-05-06 13:36:23.925,2026-05-19 16:01:35.040,https://earthquake.usgs.gov/earthquakes/eventpage/nn00917901,,,,,reviewed,0,105,nn,25,0.044,0.1637,69,39.2785,-119.086,8.1385,earthquake,"M 2.6 - 19 km SE of Silver Springs, Nevada",2026,5,6,13
nn00917888,2.61,ml,"19 km SSE of Silver Springs, Nevada",2026-05-06 11:17:21.750,2026-05-08 11:09:14.040,https://earthquake.usgs.gov/earthquakes/eventpage/nn00917888,1.0,2.2,,,reviewed,0,105,nn,17,0.051,0.1378,87,39.2704,-119.1016,9.002,earthquake,"M 2.6 - 19 km SSE of Silver Springs, Nevada",2026,5,6,11
nn00917880,2.56,ml,"15 km E of Silver Springs, Nevada",2026-05-06 10:52:59.672,2026-05-07 10:41:24.040,https://earthquake.usgs.gov/earthquakes/eventpage/nn00917880,,,,,reviewed,0,101,nn,29,0.04,0.1496,97,39.3996,-119.0466,12.0992,earthquake,"M 2.6 - 15 km E of Silver Springs, Nevada",2026,5,6,10
nn00917829,3.36,mwr,"19 km SE of Silver Springs, Nevada",2026-05-06 04:04:13.990,2026-05-07 04:16:25.289,https://earthquake.usgs.gov/earthquakes/eventpage/nn00917829,15.0,3.1,3.201,,reviewed,0,178,nn,23,0.042,0.2073,71,39.2775,-119.0822,6.0,earthquake,"M 3.4 - 19 km SE of Silver Springs, Nevada",2026,5,6,4
ci41241863,2.86,ml,"12 km NE of Little Lake, CA",2026-05-05 20:14:02.520,2026-05-18 17:41:09.040,https://earthquake.usgs.gov/earthquakes/eventpage/ci41241863,,,,,reviewed,0,126,ci,39,0.02798,0.14,33,36.01,-117.802166666667,1.6,earthquake,"M 2.9 - 12 km NE of Little Lake, CA",2026,5,5,20
nn00917706,2.56,ml,"93 km NE of Tonopah, Nevada",2026-05-05 06:40:43.856,2026-05-05 06:43:22.779,https://earthquake.usgs.gov/earthquakes/eventpage/nn00917706,,,,,automatic,0,101,nn,8,1.13,0.2201,238,38.5553,-116.3529,0.003,earthquake,"M 2.6 - 93 km NE of Tonopah, Nevada",2026,5,5,6
nc75357202,2.67,md,"10 km NW of Pinnacles, CA",2026-05-05 04:23:27.200,2026-05-12 20:47:24.098,https://earthquake.usgs.gov/earthquakes/eventpage/nc75357202,,,,,reviewed,0,110,nc,71,0.03639,0.11,99,36.6016666666667,-121.211166666667,6.03,earthquake,"M 2.7 - 10 km NW of Pinnacles, CA",2026,5,5,4
nn00917675,2.91,ml,"75 km NE of Tonopah, Nevada",2026-05-05 04:13:45.979,2026-05-06 02:05:48.022,https://earthquake.usgs.gov/earthquakes/eventpage/nn00917675,1.0,1.0,,,reviewed,0,130,nn,8,0.224,0.1029,198,38.449,-116.514,6.0672,earthquake,"M 2.9 - 75 km NE of Tonopah, Nevada",2026,5,5,4
nn00917650,3.38,ml,"76 km NE of Tonopah, Nevada",2026-05-05 02:50:38.792,2026-05-11 16:04:46.040,https://earthquake.usgs.gov/earthquakes/eventpage/nn00917650,,,,,reviewed,0,176,nn,7,0.227,0.1038,197,38.454,-116.5068,5.669,earthquake,"M 3.4 - 76 km NE of Tonopah, Nevada",2026,5,5,2
nn00917649,2.9,ml,"75 km ENE of Tonopah, Nevada",2026-05-05 02:49:11.109,2026-05-06 02:04:29.670,https://earthquake.usgs.gov/earthquakes/eventpage/nn00917649,,,,,reviewed,0,129,nn,6,0.216,0.1528,219,38.4428,-116.5057,5.306,earthquake,"M 2.9 - 75 km ENE of Tonopah, Nevada",2026,5,5,2
nn00917645,2.81,ml,"75 km NE of Tonopah, Nevada",2026-05-05 02:47:42.337,2026-05-06 02:04:20.081,https://earthquake.usgs.gov/earthquakes/eventpage/nn00917645,,,,,reviewed,0,121,nn,10,0.232,0.1427,196,38.4557,-116.5227,5.8507,earthquake,"M 2.8 - 75 km NE of Tonopah, Nevada",2026,5,5,2
nn00917641,2.89,ml,"74 km NE of Tonopah, Nevada",2026-05-05 02:43:09.112,2026-05-06 02:04:05.305,https://earthquake.usgs.gov/earthquakes/eventpage/nn00917641,,,,,reviewed,0,128,nn,8,0.225,0.3703,196,38.4477,-116.5233,0.0,earthquake,"M 2.9 - 74 km NE of Tonopah, Nevada",2026,5,5,2
nn00917635,4.47,mwr,"77 km NE of Tonopah, Nevada",2026-05-05 02:39:52.449,2026-05-21 02:49:59.086,https://earthquake.usgs.gov/earthquakes/eventpage/nn00917635,9.0,3.6,4.425,green,reviewed,0,311,nn,7,0.229,0.1954,183,38.4568,-116.5006,10.0,earthquake,"M 4.5 - 77 km NE of Tonopah, Nevada",2026,5,5,2
nc75356772,2.62,md,"15 km WSW of McKinleyville, CA",2026-05-04 15:13:48.480,2026-05-10 19:19:00.040,https://earthquake.usgs.gov/earthquakes/eventpage/nc75356772,7.0,2.2,,,reviewed,0,107,nc,40,0.147,0.1,177,40.903,-124.268333333333,18.42,earthquake,"M 2.6 - 15 km WSW of McKinleyville, CA",2026,5,4,15
nn00917567,2.51,ml,"19 km SSE of Silver Springs, Nevada",2026-05-04 08:37:15.604,2026-05-05 07:34:49.040,https://earthquake.usgs.gov/earthquakes/eventpage/nn00917567,,,,,reviewed,0,97,nn,27,0.054,0.1438,89,39.2696,-119.106,7.4229,earthquake,"M 2.5 - 19 km SSE of Silver Springs, Nevada",2026,5,4,8
nn00917529,3.63,mwr,"18 km SE of Silver Springs, Nevada",2026-05-04 03:12:04.169,2026-05-05 03:22:47.504,https://earthquake.usgs.gov/earthquakes/eventpage/nn00917529,23.0,3.3,3.563,,reviewed,0,210,nn,27,0.055,0.183,60,39.281,-119.1003,4.0,earthquake,"M 3.6 - 18 km SE of Silver Springs, Nevada",2026,5,4,3
nn00917520,3.32,mwr,"19 km ESE of Silver Springs, Nevada",2026-05-04 00:33:51.498,2026-05-05 00:53:01.069,https://earthquake.usgs.gov/earthquakes/eventpage/nn00917520,19.0,2.7,3.775,,reviewed,0,175,nn,34,0.07,0.1684,55,39.3381,-119.0187,7.0,earthquake,"M 3.3 - 19 km ESE of Silver Springs, Nevada",2026,5,4,0
ci41240743,2.53,ml,"9 km W of Alberto Oviedo Mota, B.C., MX",2026-05-03 23:42:50.950,2026-05-04 16:51:31.474,https://earthquake.usgs.gov/earthquakes/eventpage/ci41240743,0.0,1.0,,,reviewed,0,98,ci,21,0.09578,0.25,95,32.2348333333333,-115.2675,14.9,earthquake,"M 2.5 - 9 km W of Alberto Oviedo Mota, B.C., MX",2026,5,3,23
nn00917507,2.6,ml,"15 km ENE of Yerington, Nevada",2026-05-03 20:05:11.120,2026-05-16 15:55:38.040,https://earthquake.usgs.gov/earthquakes/eventpage/nn00917507,,,,,reviewed,0,104,nn,29,0.192,0.1295,88,39.0573,-119.0114,9.707,earthquake,"M 2.6 - 15 km ENE of Yerington, Nevada",2026,5,3,20
nn00917489,2.77,ml,"18 km SE of Silver Springs, Nevada",2026-05-03 18:32:21.914,2026-05-16 15:18:31.040,https://earthquake.usgs.gov/earthquakes/eventpage/nn00917489,2.0,2.0,,,reviewed,0,118,nn,32,0.06,0.1614,60,39.3065,-119.069,7.5922,earthquake,"M 2.8 - 18 km SE of Silver Springs, Nevada",2026,5,3,18
ci41240575,3.14,ml,"9 km WSW of Grapevine, CA",2026-05-03 17:29:19.510,2026-05-16 14:26:55.040,https://earthquake.usgs.gov/earthquakes/eventpage/ci41240575,30.0,2.8,,,reviewed,0,160,ci,88,0.06605,0.31,21,34.9213333333333,-119.0195,8.32,earthquake,"M 3.1 - 9 km WSW of Grapevine, CA",2026,5,3,17
nc75356182,3.27,ml,"4 km E of Covelo, CA",2026-05-03 12:52:47.680,2026-05-07 04:22:21.392,https://earthquake.usgs.gov/earthquakes/eventpage/nc75356182,7.0,4.1,2.968,,reviewed,0,167,nc,55,0.136,0.17,34,39.7983333333333,-123.199,6.16,earthquake,"M 3.3 - 4 km E of Covelo, CA",2026,5,3,12
nn00917416,2.63,ml,"18 km SE of Silver Springs, Nevada",2026-05-03 05:30:34.055,2026-05-14 08:08:17.040,https://earthquake.usgs.gov/earthquakes/eventpage/nn00917416,,,,,reviewed,0,106,nn,30,0.07,0.155,61,39.321,-119.0511,7.3331,earthquake,"M 2.6 - 18 km SE of Silver Springs, Nevada",2026,5,3,5
nc75355867,3.05,ml,"4 km E of Covelo, CA",2026-05-03 00:37:43.750,2026-05-16 05:11:37.040,https://earthquake.usgs.gov/earthquakes/eventpage/nc75355867,3.0,3.7,,,reviewed,0,144,nc,56,0.1349,0.15,23,39.7958333333333,-123.1995,6.16,earthquake,"M 3.1 - 4 km E of Covelo, CA",2026,5,3,0
nc75355817,2.52,md,"20 km SE of Livermore, CA",2026-05-02 23:27:42.970,2026-05-08 00:08:06.040,https://earthquake.usgs.gov/earthquakes/eventpage/nc75355817,2.0,1.0,,,reviewed,0,98,nc,117,0.04129,0.15,60,37.5735,-121.591166666667,2.98,earthquake,"M 2.5 - 20 km SE of Livermore, CA",2026,5,2,23
ci41239999,2.53,ml,"1 km NE of Fillmore, CA",2026-05-02 21:50:48.230,2026-05-16 05:09:46.040,https://earthquake.usgs.gov/earthquakes/eventpage/ci41239999,8.0,2.5,,,reviewed,0,100,ci,94,0.01034,0.26,19,34.405,-118.9095,9.87,earthquake,"M 2.5 - 1 km NE of Fillmore, CA",2026,5,2,21
nc75355712,2.8,md,"16 km S of Tres Pinos, CA",2026-05-02 20:32:20.070,2026-05-11 16:34:55.040,https://earthquake.usgs.gov/earthquakes/eventpage/nc75355712,,,,,reviewed,0,121,nc,91,0.0385,0.28,24,36.6465,-121.296333333333,6.68,earthquake,"M 2.8 - 16 km S of Tres Pinos, CA",2026,5,2,20
ci41239895,2.57,ml,"1 km NNE of Fillmore, CA",2026-05-02 19:01:08.940,2026-05-08 16:13:16.040,https://earthquake.usgs.gov/earthquakes/eventpage/ci41239895,2.0,0.0,,,reviewed,0,102,ci,87,0.00703,0.32,19,34.4063333333333,-118.913166666667,10.44,earthquake,"M 2.6 - 1 km NNE of Fillmore, CA",2026,5,2,19
nc75355622,2.56,md,"16 km S of Tres Pinos, CA",2026-05-02 16:44:29.200,2026-05-05 21:52:21.229,https://earthquake.usgs.gov/earthquakes/eventpage/nc75355622,,,,,reviewed,0,101,nc,65,0.04445,0.2,28,36.6521666666667,-121.294,7.23,earthquake,"M 2.6 - 16 km S of Tres Pinos, CA",2026,5,2,16
nn00917352,3.38,mwr,"18 km SE of Silver Springs, Nevada",2026-05-02 14:09:35.804,2026-05-03 15:47:36.523,https://earthquake.usgs.gov/earthquakes/eventpage/nn00917352,19.0,3.4,3.698,,reviewed,0,182,nn,24,0.053,0.1452,88,39.2778,-119.0998,5.0,earthquake,"M 3.4 - 18 km SE of Silver Springs, Nevada",2026,5,2,14
ci41239439,2.55,ml,"5 km SE of Ontario, CA",2026-05-02 10:10:46.040,2026-05-13 07:32:48.040,https://earthquake.usgs.gov/earthquakes/eventpage/ci41239439,151.0,2.9,,,automatic,0,144,ci,155,0.03217,0.22,13,34.0225,-117.593833333333,4.43,earthquake,"M 2.6 - 5 km SE of Ontario, CA",2026,5,2,10
nn00917260,2.97,ml,"17 km SE of Silver Springs, Nevada",2026-05-02 02:49:28.775,2026-05-02 14:01:40.060,https://earthquake.usgs.gov/earthquakes/eventpage/nn00917260,4.0,2.7,,,reviewed,0,137,nn,33,0.065,0.1728,62,39.3115,-119.0707,10.3264,earthquake,"M 3.0 - 17 km SE of Silver Springs, Nevada",2026,5,2,2
nn00917231,2.97,ml,"17 km SE of Silver Springs, Nevada",2026-05-02 00:04:58.046,2026-05-17 21:52:48.040,https://earthquake.usgs.gov/earthquakes/eventpage/nn00917231,1.0,2.0,,,reviewed,0,136,nn,28,0.062,0.1594,61,39.3089,-119.0694,9.4377,earthquake,"M 3.0 - 17 km SE of Silver Springs, Nevada",2026,5,2,0
nc75355267,2.64,md,"40 km S of Hayfork, CA",2026-05-01 23:31:46.250,2026-05-17 21:50:20.040,https://earthquake.usgs.gov/earthquakes/eventpage/nc75355267,,,,,reviewed,0,107,nc,91,0.02318,0.2,26,40.2018333333333,-123.12,39.43,earthquake,"M 2.6 - 40 km S of Hayfork, CA",2026,5,1,23
nn00917199,2.53,ml,"20 km ESE of Silver Springs, Nevada",2026-05-01 20:10:29.858,2026-05-02 01:50:54.193,https://earthquake.usgs.gov/earthquakes/eventpage/nn00917199,2.0,2.0,,,reviewed,0,99,nn,25,0.066,0.1518,79,39.3412,-119.0126,8.3452,earthquake,"M 2.5 - 20 km ESE of Silver Springs, Nevada",2026,5,1,20
ci41238815,2.63,ml,"35 km ENE of Ensenada, B.C., MX",2026-05-01 16:16:22.120,2026-05-10 18:39:49.040,https://earthquake.usgs.gov/earthquakes/eventpage/ci41238815,,,,,reviewed,0,106,ci,21,0.2114,0.24,66,32.0011666666667,-116.281666666667,22.45,earthquake,"M 2.6 - 35 km ENE of Ensenada, B.C., MX",2026,5,1,16
nn00917114,2.67,ml,"20 km ESE of Silver Springs, Nevada",2026-05-01 11:48:43.573,2026-05-01 16:53:07.490,https://earthquake.usgs.gov/earthquakes/eventpage/nn00917114,4.0,2.0,,,reviewed,0,110,nn,36,0.072,0.1601,47,39.3353,-119.0108,6.9227,earthquake,"M 2.7 - 20 km ESE of Silver Springs, Nevada",2026,5,1,11
nn00917080,2.65,ml,"18 km SE of Silver Springs, Nevada",2026-05-01 10:35:10.842,2026-05-01 16:25:19.166,https://earthquake.usgs.gov/earthquakes/eventpage/nn00917080,1.0,0.0,,,reviewed,0,108,nn,36,0.067,0.1443,65,39.3181,-119.0442,10.2588,earthquake,"M 2.7 - 18 km SE of Silver Springs, Nevada",2026,5,1,10
nn00917077,2.5,ml,"19 km ESE of Silver Springs, Nevada",2026-05-01 10:32:53.030,2026-05-01 17:42:04.287,https://earthquake.usgs.gov/earthquakes/eventpage/nn00917077,1.0,0.0,,,reviewed,0,96,nn,31,0.073,0.1689,72,39.3243,-119.0372,10.711,earthquake,"M 2.5 - 19 km ESE of Silver Springs, Nevada",2026,5,1,10
nn00917191,2.54,ml,"20 km ESE of Silver Springs, Nevada",2026-05-01 08:23:50.009,2026-05-10 09:18:39.040,https://earthquake.usgs.gov/earthquakes/eventpage/nn00917191,6.0,0.0,,,reviewed,0,99,nn,21,0.07,0.1506,170,39.3201,-119.026,9.9221,earthquake,"M 2.5 - 20 km ESE of Silver Springs, Nevada",2026,5,1,8
nn00916989,2.54,ml,"17 km SE of Silver Springs, Nevada",2026-05-01 08:23:24.884,2026-05-10 09:15:03.040,https://earthquake.usgs.gov/earthquakes/eventpage/nn00916989,1.0,1.0,,,reviewed,0,99,nn,24,0.058,0.1613,75,39.3016,-119.0778,7.2272,earthquake,"M 2.5 - 17 km SE of Silver Springs, Nevada",2026,5,1,8
nn00916987,2.61,ml,"18 km SE of Silver Springs, Nevada",2026-05-01 08:22:31.457,2026-05-10 09:13:42.040,https://earthquake.usgs.gov/earthquakes/eventpage/nn00916987,34.0,2.2,,,reviewed,0,112,nn,26,0.056,0.1475,70,39.3039,-119.0658,8.921,earthquake,"M 2.6 - 18 km SE of Silver Springs, Nevada",2026,5,1,8
nn00916980,5.17,mwr,"19 km SE of Silver Springs, Nevada",2026-05-01 08:17:19.870,2026-05-10 09:22:31.986,https://earthquake.usgs.gov/earthquakes/eventpage/nn00916980,1871.0,5.5,6.243,green,reviewed,0,961,nn,29,0.056,0.1651,144,39.3066,-119.0467,5.0,earthquake,"M 5.2 - 19 km SE of Silver Springs, Nevada",2026,5,1,8
nn00916977,4.28,mwr,"20 km SE of Silver Springs, Nevada",2026-05-01 08:15:55.842,2026-05-10 09:15:08.154,https://earthquake.usgs.gov/earthquakes/eventpage/nn00916977,81.0,5.0,4.345,green,reviewed,0,322,nn,37,0.052,0.1742,110,39.3035,-119.0377,7.0,earthquake,"M 4.3 - 20 km SE of Silver Springs, Nevada",2026,5,1,8
nc75354667,3.69,mw,"24 km W of Petrolia, CA",2026-05-01 01:58:41.390,2026-05-01 05:57:21.998,https://earthquake.usgs.gov/earthquakes/eventpage/nc75354667,2.0,2.0,2.558,,reviewed,0,210,nc,64,0.1761,0.22,239,40.3011666666667,-124.572166666667,9.03,earthquake,"M 3.7 - 24 km W of Petrolia, CA",2026,5,1,1
nc75354597,2.77,md,"14 km N of Morgan Hill, CA",2026-04-30 22:43:37.110,2026-05-16 05:05:33.040,https://earthquake.usgs.gov/earthquakes/eventpage/nc75354597,17.0,3.4,,,reviewed,0,124,nc,138,0.0343,0.1,42,37.2575,-121.630166666667,6.77,earthquake,"M 2.8 - 14 km N of Morgan Hill, CA",2026,4,30,22
nn00916880,2.58,ml,"18 km SE of Silver Springs, Nevada",2026-04-30 11:23:06.547,2026-05-01 13:44:27.040,https://earthquake.usgs.gov/earthquakes/eventpage/nn00916880,,,,,reviewed,0,102,nn,26,0.055,0.1714,90,39.2972,-119.0798,9.554,earthquake,"M 2.6 - 18 km SE of Silver Springs, Nevada",2026,4,30,11
nn00916864,2.55,ml,"30 km SSW of Alamo, Nevada",2026-04-30 09:43:27.959,2026-04-30 22:29:42.975,https://earthquake.usgs.gov/earthquakes/eventpage/nn00916864,1.0,2.0,,,reviewed,0,100,nn,36,0.276,0.1479,191,37.1213,-115.3285,9.4342,earthquake,"M 2.6 - 30 km SSW of Alamo, Nevada",2026,4,30,9
nn00916840,3.65,mwr,"33 km SSW of Alamo, Nevada",2026-04-30 07:44:59.773,2026-05-09 11:11:52.168,https://earthquake.usgs.gov/earthquakes/eventpage/nn00916840,,,3.689,,reviewed,0,205,nn,18,0.298,0.2254,198,37.09,-115.3096,7.0,earthquake,"M 3.7 - 33 km SSW of Alamo, Nevada",2026,4,30,7
ci41237759,2.58,ml,"4 km SE of Loma Linda, CA",2026-04-30 03:48:59.160,2026-04-30 18:27:06.884,https://earthquake.usgs.gov/earthquakes/eventpage/ci41237759,6.0,2.7,,,reviewed,0,104,ci,114,0.08772,0.16,16,34.0226666666667,-117.227333333333,15.61,earthquake,"M 2.6 - 4 km SE of Loma Linda, CA",2026,4,30,3
ci41237751,3.23,ml,"4 km SE of Loma Linda, CA",2026-04-30 03:48:04.760,2026-05-09 02:11:29.914,https://earthquake.usgs.gov/earthquakes/eventpage/ci41237751,338.0,3.4,3.002,,reviewed,0,275,ci,139,0.08572,0.19,17,34.0211666666667,-117.225666666667,15.71,earthquake,"M 3.2 - 4 km SE of Loma Linda, CA",2026,4,30,3
nn00916806,2.62,ml,"29 km SSW of Alamo, Nevada",2026-04-30 00:10:30.724,2026-05-01 04:13:49.040,https://earthquake.usgs.gov/earthquakes/eventpage/nn00916806,,,,,reviewed,0,106,nn,29,0.268,0.1296,137,37.117,-115.2919,0.0,earthquake,"M 2.6 - 29 km SSW of Alamo, Nevada",2026,4,30,0
nn00916757,2.79,ml,"30 km SSW of Alamo, Nevada",2026-04-29 16:48:25.258,2026-05-12 19:41:55.040,https://earthquake.usgs.gov/earthquakes/eventpage/nn00916757,1.0,2.2,,,reviewed,0,120,nn,31,0.273,0.1563,142,37.1192,-115.3138,6.1943,earthquake,"M 2.8 - 30 km SSW of Alamo, Nevada",2026,4,29,16
nn00916745,3.19,mwr,"19 km ESE of Silver Springs, Nevada",2026-04-29 15:55:12.398,2026-05-12 14:49:57.620,https://earthquake.usgs.gov/earthquakes/eventpage/nn00916745,18.0,3.8,3.539,,reviewed,0,163,nn,29,0.071,0.1258,56,39.3217,-119.0377,4.0,earthquake,"M 3.2 - 19 km ESE of Silver Springs, Nevada",2026,4,29,15
nn00916735,3.2,ml,"29 km SSW of Alamo, Nevada",2026-04-29 15:33:17.241,2026-05-13 15:39:03.874,https://earthquake.usgs.gov/earthquakes/eventpage/nn00916735,1.0,0.0,2.789,,reviewed,0,158,nn,24,0.268,0.1436,196,37.1182,-115.2965,8.2558,earthquake,"M 3.2 - 29 km SSW of Alamo, Nevada",2026,4,29,15
nn00916724,4.41,mwr,"30 km SSW of Alamo, Nevada",2026-04-29 15:06:13.025,2026-05-18 15:18:31.849,https://earthquake.usgs.gov/earthquakes/eventpage/nn00916724,114.0,3.4,4.682,green,reviewed,0,338,nn,21,0.274,0.1427,201,37.1132,-115.3011,4.0,earthquake,"M 4.4 - 30 km SSW of Alamo, Nevada",2026,4,29,15
ci41236935,3.0,ml,"13 km N of Cabazon, CA",2026-04-29 14:47:47.460,2026-05-11 19:37:27.040,https://earthquake.usgs.gov/earthquakes/eventpage/ci41236935,25.0,3.1,,,reviewed,0,146,ci,115,0.0028,0.19,25,34.0325,-116.806666666667,16.04,earthquake,"M 3.0 - 13 km N of Cabazon, CA",2026,4,29,14
nn00916716,2.74,ml,"19 km ESE of Silver Springs, Nevada",2026-04-29 14:16:59.931,2026-05-11 19:27:14.040,https://earthquake.usgs.gov/earthquakes/eventpage/nn00916716,3.0,2.2,,,reviewed,0,116,nn,27,0.073,0.151,55,39.3361,-119.0233,8.3593,earthquake,"M 2.7 - 19 km ESE of Silver Springs, Nevada",2026,4,29,14
nc75353577,2.68,md,"8 km NW of Yosemite Lakes, CA",2026-04-29 02:57:39.520,2026-05-14 04:53:27.040,https://earthquake.usgs.gov/earthquakes/eventpage/nc75353577,25.0,2.7,,,reviewed,0,117,nc,52,0.1308,0.22,34,37.2401666666667,-119.838833333333,16.62,earthquake,"M 2.7 - 8 km NW of Yosemite Lakes, CA",2026,4,29,2
nc75353522,2.64,md,"2 km NW of Granite Bay, CA",2026-04-29 01:35:57.010,2026-05-14 04:30:42.040,https://earthquake.usgs.gov/earthquakes/eventpage/nc75353522,831.0,3.1,,,reviewed,0,365,nc,36,0.05622,0.29,30,38.775,-121.175,9.95,earthquake,"M 2.6 - 2 km NW of Granite Bay, CA",2026,4,29,1
ci41236151,2.64,ml,"7 km SSW of Redlands, CA",2026-04-28 20:11:47.620,2026-05-11 17:45:27.040,https://earthquake.usgs.gov/earthquakes/eventpage/ci41236151,71.0,3.4,,,reviewed,0,131,ci,118,0.06363,0.18,24,34.0016666666667,-117.213,4.54,earthquake,"M 2.6 - 7 km SSW of Redlands, CA",2026,4,28,20
nn00916638,2.93,ml,"19 km SE of Silver Springs, Nevada",2026-04-28 14:28:58.292,2026-05-20 21:27:16.040,https://earthquake.usgs.gov/earthquakes/eventpage/nn00916638,2.0,2.2,,,reviewed,0,133,nn,28,0.047,0.1517,88,39.27,-119.0957,8.964,earthquake,"M 2.9 - 19 km SE of Silver Springs, Nevada",2026,4,28,14
nc75352982,3.38,ml,"8 km NE of Lake Davis, CA",2026-04-28 04:17:52.740,2026-05-14 04:41:57.040,https://earthquake.usgs.gov/earthquakes/eventpage/nc75352982,33.0,3.5,3.03,,reviewed,0,187,nc,39,0.06953,0.13,59,39.921,-120.416,7.86,earthquake,"M 3.4 - 8 km NE of Lake Davis, CA",2026,4,28,4
nn00916584,3.04,ml,"19 km SE of Silver Springs, Nevada",2026-04-28 03:58:48.971,2026-05-15 05:03:12.267,https://earthquake.usgs.gov/earthquakes/eventpage/nn00916584,1.0,1.0,3.246,,reviewed,0,142,nn,25,0.047,0.1619,67,39.2771,-119.0917,7.6431,earthquake,"M 3.0 - 19 km SE of Silver Springs, Nevada",2026,4,28,3
nn00916581,3.48,mwr,"19 km SE of Silver Springs, Nevada",2026-04-28 03:57:54.993,2026-05-21 06:21:43.154,https://earthquake.usgs.gov/earthquakes/eventpage/nn00916581,15.0,2.7,3.512,,reviewed,0,190,nn,22,0.048,0.1945,76,39.2781,-119.0918,4.0,earthquake,"M 3.5 - 19 km SE of Silver Springs, Nevada",2026,4,28,3
nc75352957,2.52,md,"8 km NE of Lake Davis, CA",2026-04-28 03:24:29.110,2026-05-21 03:04:26.040,https://earthquake.usgs.gov/earthquakes/eventpage/nc75352957,0.0,1.0,,,reviewed,0,98,nc,30,0.06809,0.14,59,39.922,-120.411166666667,8.35,earthquake,"M 2.5 - 8 km NE of Lake Davis, CA",2026,4,28,3
nc75352947,3.21,ml,"8 km NE of Lake Davis, CA",2026-04-28 03:10:06.180,2026-05-21 01:16:22.040,https://earthquake.usgs.gov/earthquakes/eventpage/nc75352947,17.0,3.4,,,reviewed,0,164,nc,34,0.0678,0.1,59,39.92,-120.414,3.29,earthquake,"M 3.2 - 8 km NE of Lake Davis, CA",2026,4,28,3
ci41235031,3.27,ml,"6 km SSW of Redlands, CA",2026-04-27 14:47:13.930,2026-05-11 15:10:32.040,https://earthquake.usgs.gov/earthquakes/eventpage/ci41235031,495.0,3.4,3.597,,reviewed,0,333,ci,129,0.06343,0.21,25,34.0026666666667,-117.2105,3.29,earthquake,"M 3.3 - 6 km SSW of Redlands, CA",2026,4,27,14
nn00916546,2.68,ml,"32 km SW of Jackpot, Nevada",2026-04-27 13:20:34.255,2026-05-10 21:27:39.040,https://earthquake.usgs.gov/earthquakes/eventpage/nn00916546,,,,,reviewed,0,110,nn,4,1.028,0.1652,318,41.7406,-114.8982,4.5189,earthquake,"M 2.7 - 32 km SW of Jackpot, Nevada",2026,4,27,13
ci41234575,3.44,ml,"10 km NNE of Cabazon, CA",2026-04-26 15:44:34.390,2026-05-09 16:02:56.040,https://earthquake.usgs.gov/earthquakes/eventpage/ci41234575,375.0,3.9,3.504,,reviewed,0,328,ci,119,0.0908,0.18,24,34.0005,-116.751,12.84,earthquake,"M 3.4 - 10 km NNE of Cabazon, CA",2026,4,26,15
nc75351867,2.62,md,"16 km E of Seven Trees, CA",2026-04-26 10:27:11.870,2026-05-19 16:26:22.040,https://earthquake.usgs.gov/earthquakes/eventpage/nc75351867,49.0,3.4,,,reviewed,0,122,nc,147,0.03091,0.13,41,37.2881666666667,-121.660166666667,7.63,earthquake,"M 2.6 - 16 km E of Seven Trees, CA",2026,4,26,10
nn00916474,3.29,mwr,"21 km ESE of Silver Springs, Nevada",2026-04-26 07:15:21.897,2026-05-07 12:06:36.988,https://earthquake.usgs.gov/earthquakes/eventpage/nn00916474,7.0,3.1,3.518,,reviewed,0,169,nn,29,0.057,0.1834,62,39.349,-118.9892,5.0,earthquake,"M 3.3 - 21 km ESE of Silver Springs, Nevada",2026,4,26,7
nc75351637,2.61,md,"3 km SSW of San Francisco Zoo, CA",2026-04-25 23:41:56.730,2026-05-15 03:03:58.040,https://earthquake.usgs.gov/earthquakes/eventpage/nc75351637,99.0,3.4,,,reviewed,0,138,nc,126,0.03451,0.06,96,37.703,-122.515666666667,6.76,earthquake,"M 2.6 - 3 km SSW of San Francisco Zoo, CA",2026,4,25,23
nc75351622,2.89,md,"3 km SSW of San Francisco Zoo, CA",2026-04-25 23:39:38.250,2026-05-15 03:12:39.040,https://earthquake.usgs.gov/earthquakes/eventpage/nc75351622,1085.0,3.8,,,reviewed,0,508,nc,150,0.03561,0.08,96,37.7041666666667,-122.516166666667,6.96,earthquake,"M 2.9 - 3 km SSW of San Francisco Zoo, CA",2026,4,25,23
nn00916412,3.65,mwr,"22 km SW of Fallon, Nevada",2026-04-25 12:11:01.572,2026-05-07 07:51:47.373,https://earthquake.usgs.gov/earthquakes/eventpage/nn00916412,43.0,3.6,4.124,,reviewed,0,220,nn,23,0.072,0.1283,223,39.3357,-118.976,6.0,earthquake,"M 3.7 - 22 km SW of Fallon, Nevada",2026,4,25,12
nc75351157,3.24,ml,"2 km NNE of The Geysers, CA",2026-04-25 08:00:13.740,2026-05-18 12:55:43.040,https://earthquake.usgs.gov/earthquakes/eventpage/nc75351157,23.0,3.9,,,reviewed,0,170,nc,125,,0.07,22,38.7918333333333,-122.746666666667,2.57,earthquake,"M 3.2 - 2 km NNE of The Geysers, CA",2026,4,25,8
nc75351142,4.09,mw,"54 km W of Petrolia, CA",2026-04-25 07:38:29.160,2026-05-19 16:21:37.556,https://earthquake.usgs.gov/earthquakes/eventpage/nc75351142,5.0,2.2,2.192,green,reviewed,0,258,nc,183,0.4459,0.24,233,40.3561666666667,-124.919,14.16,earthquake,"M 4.1 - 54 km W of Petrolia, CA",2026,4,25,7
nn00916381,2.7,ml,"18 km SE of Silver Springs, Nevada",2026-04-25 04:44:07.062,2026-05-13 23:22:57.040,https://earthquake.usgs.gov/earthquakes/eventpage/nn00916381,,,,,reviewed,0,112,nn,25,0.062,0.132,58,39.3115,-119.0593,9.8433,earthquake,"M 2.7 - 18 km SE of Silver Springs, Nevada",2026,4,25,4
ci41233935,2.51,ml,"32 km ENE of Ensenada, B.C., MX",2026-04-24 23:03:13.380,2026-04-26 21:42:11.040,https://earthquake.usgs.gov/earthquakes/eventpage/ci41233935,1.0,2.0,,,reviewed,0,97,ci,23,0.264,0.15,57,32.0301666666667,-116.334166666667,23.67,earthquake,"M 2.5 - 32 km ENE of Ensenada, B.C., MX",2026,4,24,23
nc75350702,2.65,md,"59 km W of Petrolia, CA",2026-04-24 14:54:00.400,2026-05-09 14:35:58.040,https://earthquake.usgs.gov/earthquakes/eventpage/nc75350702,,,,,reviewed,0,108,nc,82,0.4974,0.32,246,40.3723333333333,-124.984,14.49,earthquake,"M 2.7 - 59 km W of Petrolia, CA",2026,4,24,14
nc75350682,2.55,md,"2 km N of The Geysers, CA",2026-04-24 13:45:28.210,2026-05-08 20:53:24.040,https://earthquake.usgs.gov/earthquakes/eventpage/nc75350682,3.0,2.0,,,reviewed,0,101,nc,105,0.006804,0.07,25,38.7951666666667,-122.7545,3.89,earthquake,"M 2.6 - 2 km N of The Geysers, CA",2026,4,24,13
ci41233487,3.27,ml,"8 km SSW of Furnace Creek, CA",2026-04-24 02:18:15.010,2026-05-18 04:08:37.040,https://earthquake.usgs.gov/earthquakes/eventpage/ci41233487,8.0,2.8,,,reviewed,0,167,ci,46,0.08683,0.19,71,36.3816666666667,-116.883,6.04,earthquake,"M 3.3 - 8 km SSW of Furnace Creek, CA",2026,4,24,2
ci41447104,3.04,ml,"22 km NW of Grapevine, CA",2026-04-23 12:21:46.750,2026-05-19 08:09:04.897,https://earthquake.usgs.gov/earthquakes/eventpage/ci41447104,6.0,2.2,,,reviewed,0,143,ci,74,0.02669,0.3,41,35.0698333333333,-119.113333333333,12.89,earthquake,"M 3.0 - 22 km NW of Grapevine, CA",2026,4,23,12
nn00916247,2.61,ml,"16 km SE of Silver Springs, Nevada",2026-04-23 12:07:03.408,2026-05-01 08:58:09.086,https://earthquake.usgs.gov/earthquakes/eventpage/nn00916247,0.0,1.0,,,reviewed,0,105,nn,22,0.069,0.1534,66,39.2999,-119.1041,8.2712,earthquake,"M 2.6 - 16 km SE of Silver Springs, Nevada",2026,4,23,12
nn00916225,3.02,ml,"19 km SE of Silver Springs, Nevada",2026-04-23 09:40:18.374,2026-05-19 07:02:14.040,https://earthquake.usgs.gov/earthquakes/eventpage/nn00916225,,,,,reviewed,0,140,nn,22,0.05,0.1685,57,39.2712,-119.0998,9.0798,earthquake,"M 3.0 - 19 km SE of Silver Springs, Nevada",2026,4,23,9
nn00916102,3.15,ml,"19 km SSE of Silver Springs, Nevada",2026-04-22 19:55:26.813,2026-05-13 21:40:40.434,https://earthquake.usgs.gov/earthquakes/eventpage/nn00916102,5.0,3.1,3.434,,reviewed,0,154,nn,23,0.052,0.1769,58,39.2713,-119.1032,8.0919,earthquake,"M 3.2 - 19 km SSE of Silver Springs, Nevada",2026,4,22,19
nn00916063,2.81,ml,"19 km SE of Silver Springs, Nevada",2026-04-22 17:34:50.749,2026-05-13 19:13:39.040,https://earthquake.usgs.gov/earthquakes/eventpage/nn00916063,,,,,reviewed,0,121,nn,23,0.044,0.1582,71,39.2785,-119.0851,6.9694,earthquake,"M 2.8 - 19 km SE of Silver Springs, Nevada",2026,4,22,17
nn00916056,2.59,ml,"18 km SE of Silver Springs, Nevada",2026-04-22 17:30:19.314,2026-05-13 19:11:48.831,https://earthquake.usgs.gov/earthquakes/eventpage/nn00916056,3.0,2.0,,,automatic,0,104,nn,17,0.049,0.2774,89,39.2817,-119.091,9.6873,earthquake,"M 2.6 - 18 km SE of Silver Springs, Nevada",2026,4,22,17
nn00916046,4.78,mwr,"19 km SE of Silver Springs, Nevada",2026-04-22 17:23:37.085,2026-05-13 18:39:50.069,https://earthquake.usgs.gov/earthquakes/eventpage/nn00916046,771.0,5.1,5.427,green,reviewed,0,745,nn,37,0.049,0.1935,58,39.2758,-119.0955,3.0,earthquake,"M 4.8 - 19 km SE of Silver Springs, Nevada",2026,4,22,17
nn00916042,3.5,mwr,"18 km SSE of Silver Springs, Nevada",2026-04-22 17:22:14.362,2026-05-13 18:00:00.826,https://earthquake.usgs.gov/earthquakes/eventpage/nn00916042,28.0,3.1,4.447,,reviewed,0,197,nn,12,0.062,0.1726,85,39.2759,-119.1148,4.0,earthquake,"M 3.5 - 18 km SSE of Silver Springs, Nevada",2026,4,22,17
nn00915987,2.5,ml,"34 km W of Indian Springs, Nevada",2026-04-22 04:44:11.374,2026-05-06 23:04:04.040,https://earthquake.usgs.gov/earthquakes/eventpage/nn00915987,,,,,reviewed,0,96,nn,48,0.094,0.1023,86,36.602,-116.0517,8.602,earthquake,"M 2.5 - 34 km W of Indian Springs, Nevada",2026,4,22,4
ci41446600,2.55,ml,"3 km WNW of Delta, B.C., MX",2026-04-22 04:05:50.390,2026-05-06 22:49:28.040,https://earthquake.usgs.gov/earthquakes/eventpage/ci41446600,,,,,reviewed,0,100,ci,24,0.08399,0.32,55,32.371,-115.223833333333,10.97,earthquake,"M 2.6 - 3 km WNW of Delta, B.C., MX",2026,4,22,4
nn00915938,2.57,ml,"18 km SE of Silver Springs, Nevada",2026-04-21 14:26:42.511,2026-05-12 21:49:32.040,https://earthquake.usgs.gov/earthquakes/eventpage/nn00915938,,,,,reviewed,0,102,nn,23,0.057,0.1294,61,39.2825,-119.1029,6.3503,earthquake,"M 2.6 - 18 km SE of Silver Springs, Nevada",2026,4,21,14
nc75349072,2.77,md,"24 km WNW of Weaverville, CA",2026-04-21 14:05:22.200,2026-04-24 17:57:22.863,https://earthquake.usgs.gov/earthquakes/eventpage/nc75349072,,,,,reviewed,0,118,nc,48,0.1416,0.11,36,40.8015,-123.211666666667,33.68,earthquake,"M 2.8 - 24 km WNW of Weaverville, CA",2026,4,21,14
ci41446208,2.62,ml,"15 km NE of Little Lake, CA",2026-04-21 12:43:08.380,2026-05-13 09:13:19.040,https://earthquake.usgs.gov/earthquakes/eventpage/ci41446208,,,,,reviewed,0,106,ci,41,0.01181,0.15,41,36.0216666666667,-117.779166666667,1.74,earthquake,"M 2.6 - 15 km NE of Little Lake, CA",2026,4,21,12
